<?xml version = "1.0" encoding="UTF-8" standalone="no"?>
<!DOCTYPE document SYSTEM "dictionary.dtd"> 
<dictionary>
<entry><key>!zzz</key><def>33 !</def></entry>
<entry><key>"zzz</key><def>34 "</def></entry>
<entry><key>#zzz</key><def>35 #</def></entry>
<entry><key>$zzz</key><def>36 $</def></entry>
<entry><key>%zzz</key><def>37 %</def></entry>
<entry><key>&zzz</key><def>38 &</def></entry>
<entry><key>'zzz</key><def>39 '</def></entry>
<entry><key>(zzz</key><def>40 (</def></entry>
<entry><key>)zzz</key><def>41 )</def></entry>
<entry><key>*zzz</key><def>42 *</def></entry>
<entry><key>+zzz</key><def>43 +</def></entry>
<entry><key>,zzz</key><def>44 ,</def></entry>
<entry><key>-zzz</key><def>45 -</def></entry>
<entry><key>.zzz</key><def>46 .</def></entry>
<entry><key>/zzz</key><def>47 /</def></entry>
<entry><key>0zzz</key><def>48 0</def></entry>
<entry><key>1zzz</key><def>49 1</def></entry>
<entry><key>2zzz</key><def>50 2</def></entry>
<entry><key>3zzz</key><def>51 3</def></entry>
<entry><key>4zzz</key><def>52 4</def></entry>
<entry><key>5zzz</key><def>53 5</def></entry>
<entry><key>6zzz</key><def>54 6</def></entry>
<entry><key>7zzz</key><def>55 7</def></entry>
<entry><key>8zzz</key><def>56 8</def></entry>
<entry><key>9zzz</key><def>57 9</def></entry>
<entry><key>:zzz</key><def>58 :</def></entry>
<entry><key>;zzz</key><def>59 ;</def></entry>
<entry><key><zzz</key><def>60 <</def></entry>
<entry><key>=zzz</key><def>61 =</def></entry>
<entry><key>>zzz</key><def>62 ></def></entry>
<entry><key>?zzz</key><def>63 ?</def></entry>
<entry><key>@zzz</key><def>64 @</def></entry>
<entry><key>[zzz</key><def>91 [</def></entry>
<entry><key>\zzz</key><def>92 \</def></entry>
<entry><key>]zzz</key><def>93 ]</def></entry>
<entry><key>^zzz</key><def>94 ^</def></entry>
<entry><key>_zzz</key><def>95 _</def></entry>
<entry><key>`zzz</key><def>96 `</def></entry>
<entry><key>{zzz</key><def>123 {</def></entry>
<entry><key>|zzz</key><def>124 |</def></entry>
<entry><key>}zzz</key><def>125 }</def></entry>
<entry><key>~zzz</key><def>126 ~</def></entry>
</dictionary>

